Nom,Adresse,Téléphone,Avis,Note,equipement
Maison Delano Paris,"4 Rue D'anjou, 75008 Paris France",Non disponible,24,"4,5","Internet haut débit gratuit (Wi-Fi)Bar/loungeRestaurant, Climatisation"
Hôtel Malte - Astotel,"63 rue de Richelieu, 75002 Paris France",01 44 58 94 94,2877,"5,0","Internet haut débit gratuit (Wi-Fi)Petit-déjeuner disponibleBabysittingService de taxiSécurité 24 heures sur 24ConsigneRéception 24 heures sur 24Nettoyage à secWi-FiCafé soluble gratuitThé offertSnack-barMenus spéciauxConciergePresse quotidienneHôtel non-fumeurService de blanchisserieService de repassage, Chambre hypoallergéniqueRideaux occultantsClimatisationBureauService de ménageMinibarTélévision à écran platBaignoire/doucheChambres insonoriséesPeignoirsCoffre-fortTéléphoneEau en bouteilleService de réveil/réveil-matinBouilloire électriqueProduits de toilette gratuitsSèche-cheveux, Chambres non-fumeursChambres familiales"
Hôtel Astoria - Astotel,"42 Rue De Moscou 8th Arr., 75008 Paris France",01 42 93 63 53,2376,"4,5","Internet haut débit gratuit (Wi-Fi)Petit-déjeuner disponibleService de taxiSécurité 24 heures sur 24ConsigneRéception 24 heures sur 24Nettoyage à secService de blanchisserieWi-FiCafé soluble gratuitThé offertBuffet adapté aux enfantsSnack-barMenus spéciauxConciergeHôtel non-fumeurService de repassage, Chambre hypoallergéniqueRideaux occultantsClimatisationBureauService de ménageMinibarTélévision à écran platBaignoire/doucheChambres insonoriséesCoffre-fortTéléphoneEau en bouteilleService de réveil/réveil-matinBouilloire électriqueProduits de toilette gratuitsSèche-cheveux, Chambres non-fumeursChambres familiales"
Novotel Paris Les Halles,"8 Place Marguerite de Navarre, 75001 Paris France",01 42 21 31 31,7010,"4,5","Parking privé payant à proximitéInternet haut débit gratuit (Wi-Fi)Centre de remise en forme/Salle de sportBar/loungeBabysittingLivres, DVD, musique pour les enfantsAnimaux domestiques autorisés (Chien/Animaux de compagnie)Service de taxiParkingWi-FiCours de yogaSalle de yogaVestiaires du spa/centre de remise en formeCaféRestaurantPetit-déjeuner disponiblePetit déjeuner buffetPetit-déjeuner dans la chambreCafé soluble gratuitThé offertBuffet adapté aux enfantsMenus pour les enfantsSalle à manger extérieureSnack-barMenus spéciauxAire de jeux pour les enfantsChaînes de télévision pour enfantsAire de jeux intérieure pour les enfantsActivités pour les enfants (Enfants/Pour les familles)Clubs pour enfantsChaises hautes disponiblesPoussettesCentre d'affaires avec accès InternetSalles de conférenceSalle de réceptionSalles de réunionSécurité 24 heures sur 24ConsigneConciergeChange des devisesPresse quotidienneHôtel non-fumeurMobilier d'extérieurPortierTrousse de premiers soinsArrivée 24 heures sur 24Réception 24 heures sur 24Arrivée/départ expressNettoyage à secService de blanchisserieService de repassageCirage, Chambre hypoallergéniqueRideaux occultantsClimatisationBureauCafetière/théièreTélévision à écran platLits extra longsDouche à l'italienneChambres insonoriséesPeignoirsService de ménageChambres communicantes disponiblesService en chambreCoffre-fortCanapéTéléphoneÉquipements de chambre VIPPenderie/armoirePenderieFer à repasserCoffre pour ordinateur portableService de réveil/réveil-matinMinibarRéfrigérateurBouilloire électriqueFilms à la demandeCanapé-litBaignoire/doucheProduits de toilette gratuitsSèche-cheveux, Vue sur la villeSuite nuptialeChambres non-fumeursSuitesChambres familiales"
Hôtel La Comtesse,"29 Avenue De Tourville, 75007 Paris France",Non disponible,960,"4,5","Parking privé payant à proximitéInternet haut débit gratuit (Wi-Fi)Centre de remise en forme/Salle de sportBar/loungeBabysittingChaînes de télévision pour enfantsNavette aéroportCentre d'affaires avec accès InternetParking dans la rueWi-FiCaféRestaurantPetit-déjeuner disponiblePetit déjeuner buffetPetit-déjeuner dans la chambreCafé soluble gratuitThé offertSnack-barVin/champagneService de taxiSécurité 24 heures sur 24ConsigneConciergeChange des devisesPresse quotidienneHôtel non-fumeurArrivée 24 heures sur 24Réception 24 heures sur 24Arrivée/départ expressNettoyage à secService de blanchisserie, Rideaux occultantsChambres insonoriséesClimatisationBureauService de ménageCafetière/théièreTV par câble/satelliteProduits de toilette gratuitsBalcon privéService en chambreCoffre-fortTéléphonePenderie/armoirePenderieFer à repasserCoffre pour ordinateur portableSalles de bain privativesSol en marbre/carrelageService de réveil/réveil-matinMinibarTélévision à écran platFilms à la demandeRadioSèche-cheveux, Vue sur la villeVue sur un monumentChambres non-fumeursSuites"
La Maison Favart,"5, Rue de Marivaux 2nd Arr, 75002 Paris France",01 42 97 59 83,2228,"5,0","Parking public payant à proximitéInternet haut débit gratuit (Wi-Fi)Piscine intérieureCentre de remise en forme/Salle de sportPetit-déjeuner inclusChaises hautes disponiblesLocation de voituresCentre d'affaires avec accès InternetParking dans la rueWi-FiServiettes de plage/piscinePiscine chaufféeSaunaBar/loungePetit déjeuner buffetPetit-déjeuner dans la chambreCafé soluble gratuitBoisson de bienvenue offerteMenus spéciauxVin/champagneService de taxiSpaMassageSécurité 24 heures sur 24ConsigneConciergePresse quotidienneHôtel non-fumeurArrivée 24 heures sur 24Réception 24 heures sur 24Nettoyage à secService de blanchisserieService de repassage, Rideaux occultantsChambres insonoriséesClimatisationBureauService de ménageCafetière/théièreTV par câble/satelliteProduits de toilette gratuitsPeignoirsService en chambreCoffre-fortCanapéTéléphoneEau en bouteillePenderieCoffre pour ordinateur portableSalles de bain privativesSol en marbre/carrelageService de réveil/réveil-matinMinibarRéfrigérateurTélévision à écran platSèche-cheveux, Vue sur un monumentSuite nuptialeChambres non-fumeursSuitesChambres familiales"
Dandy Hôtel & Kitchen,"86 Rue Saint-Denis, 75001 Paris France",Non disponible,30,"4,5","Parking privé payant à proximitéInternet haut débit gratuit (Wi-Fi)JacuzziSaunaBar/loungeAnimaux domestiques autorisés (Chien/Animaux de compagnie)Services de navette/taxi gratuitsSpaGarageInternetRestaurantPetit-déjeuner disponiblePetit déjeuner buffetMenus spéciauxVin/champagneNavette aéroportService d'autobusService de taxiSoins du visageMassage des piedsMassage corporel completMassage des mainsMassage de la têteMassageMassage du couConsigneConciergeHôtel non-fumeurBalcon ensoleilléParasolArrivée 24 heures sur 24Réception 24 heures sur 24Service de blanchisserieBlanchisserie en libre-service, Chambre hypoallergéniqueRideaux occultantsClimatisationChambres communicantes disponiblesMinibarTV par câble/satelliteLits extra longsDouche à l'italiennePeignoirsBalcon privéTéléphonePenderie/armoireEau en bouteillePenderieFer à repasserService de réveil/réveil-matinBouilloire électriqueTélévision à écran platBain à remous, Vue sur la villeChambres non-fumeurs"
Hôtel Maison Mère,"7 Rue Mayran, 75009 Paris France",01 42 80 00 00,581,"5,0","Parking privé payant sur siteInternet haut débit gratuit (Wi-Fi)Centre de remise en forme/Salle de sportBar/loungeBabysittingLivres, DVD, musique pour les enfantsAnimaux domestiques autorisés (Chien/Animaux de compagnie)Service de taxiParking dans la rueWi-FiRestaurantPetit-déjeuner disponiblePetit déjeuner buffetPetit-déjeuner dans la chambreSnack-barVin/champagneChaînes de télévision pour enfantsChaises hautes disponiblesCentre d'affaires avec accès InternetPhotocopieur/fax dans le centre d'affairesConsigneBoutique de cadeauxHôtel non-fumeurArrivée 24 heures sur 24Réception 24 heures sur 24Arrivée/départ privéNettoyage à secService de blanchisserieService de repassage, Rideaux occultantsChambres insonoriséesClimatisationBureauCafetière/théièreTV par câble/satelliteCanapé-litBaignoire/doucheService de ménageChambres communicantes disponiblesBalcon privéService en chambreCoffre-fortTéléphonePenderie/armoireEau en bouteilleCoffre pour ordinateur portableSalles de bain privativesService de réveil/réveil-matinMinibarBouilloire électriqueTélévision à écran platFilms à la demandeRadioProduits de toilette gratuitsSèche-cheveux, Vue sur la villeChambres non-fumeursSuitesChambres familiales"
Generator Paris,"9-11 Place du Colonel Fabien, 75010 Paris France",Non disponible,3135,"4,0","Internet haut débit gratuit (Wi-Fi)Bar/loungeSalle de jeuxDivertissements le soirTerrasse sur le toitSécurité 24 heures sur 24Arrivée 24 heures sur 24Réception 24 heures sur 24Wi-FiCaféRestaurantPetit déjeuner buffetSnack-barDistributeur automatiqueBar sur le toitDiscothèque/DJConsigneHôtel non-fumeurSalle de bain communeSalon commun/espace TVBalcon ensoleilléService de blanchisserieBlanchisserie en libre-service, ClimatisationService de ménageBaignoire/douche, Vue sur la villeChambres non-fumeursChambres familiales"
Best Western Plus La Demeure,"51 Boulevard Saint-Marcel, 75013 Paris France",Non disponible,1019,"4,5","Parking privé payant à proximitéInternet haut débit gratuit (Wi-Fi)Vestiaires du spa/centre de remise en formePetit-déjeuner disponibleChaises hautes disponiblesAnimaux domestiques autorisés (Chien/Animaux de compagnie)Service de taxiSoins du visageParking sécuriséWi-FiSaunaPetit déjeuner buffetPetit-déjeuner dans la chambreCafé soluble gratuitThé offertMassage des piedsMassage corporel completMassage des mainsMassage de la têteManucureMassageMassage du couBain de vapeurSécurité 24 heures sur 24ConsigneConciergePresse quotidienneHôtel non-fumeurSalon commun/espace TVArrivée 24 heures sur 24Réception 24 heures sur 24Nettoyage à sec, Rideaux occultantsChambres insonoriséesClimatisationBureauService de ménageChambres communicantes disponiblesService en chambreTélévision à écran platCoffre-fortTéléphonePenderie/armoireEau en bouteillePenderieFer à repasserSalles de bain privatives, Vue sur la villeVue sur un monumentChambres non-fumeursSuitesChambres familiales"
Hôtel Joke - Astotel,"69, rue Blanche, 75009 Paris France",01 40 40 71 71,2141,"5,0","Internet haut débit gratuit (Wi-Fi)Petit-déjeuner disponibleService de taxiSécurité 24 heures sur 24ConsigneRéception 24 heures sur 24Nettoyage à secService de blanchisserieWi-FiCafé soluble gratuitThé offertBuffet adapté aux enfantsSnack-barMenus spéciauxConciergeHôtel non-fumeurService de repassage, Rideaux occultantsChambres insonoriséesClimatisationBureauService de ménageMinibarTélévision à écran platBaignoire/doucheCoffre-fortTéléphoneEau en bouteillePenderieCoffre pour ordinateur portableService de réveil/réveil-matinBouilloire électriqueProduits de toilette gratuitsSèche-cheveux, Chambres non-fumeursChambres familiales"
Hotel Marignan Champs-Elysées,"12 Rue de Marignan 08 Arr., 75008 Paris France",01 40 76 34 56,1122,"4,5","Service de voiturierInternet haut débit gratuit (Wi-Fi)Bar/loungeBabysittingAnimaux domestiques autorisés (Chien/Animaux de compagnie)Navette aéroportCentre d'affaires avec accès InternetSalles de conférenceParking public payant à proximitéWi-FiRestaurantPetit-déjeuner disponiblePetit déjeuner buffetPetit-déjeuner dans la chambreCafé soluble gratuitLocation de voituresService de taxiSalle de réceptionSalles de réunionConsigneConciergeBoutique de cadeauxHôtel non-fumeurBoutiquesArrivée 24 heures sur 24Réception 24 heures sur 24Nettoyage à secService de blanchisserieService de repassage, Rideaux occultantsPeignoirsClimatisationBureauService de ménageMinibarTélévision à écran platBaignoire/doucheBalcon privéService en chambreCoffre-fortEau en bouteillePenderieSalles de bain privativesSol en marbre/carrelageProduits de toilette gratuitsSèche-cheveux, Chambres non-fumeursSuitesChambres familiales"
"Hotel d'Angleterre, Saint Germain des Pres","44 rue Jacob 06 Arr., 75006 Paris France",Non disponible,470,"4,5","Internet haut débit gratuit (Wi-Fi)Petit-déjeuner inclusNavette aéroportCentre d'affaires avec accès InternetConsigneConciergeRéception 24 heures sur 24Arrivée/départ expressWi-FiBar/loungePetit déjeuner buffetPetit-déjeuner dans la chambreService de taxiPresse quotidienneHôtel non-fumeurNettoyage à secService de blanchisserie, BureauCoffre-fortTélévision à écran platBaignoire/doucheSèche-cheveux, Suite nuptialeChambres non-fumeursSuites"
Hôtel La Manufacture,"8 rue Philippe de Champagne 13th Arr., 75013 Paris France",Non disponible,2736,"4,5","Internet haut débit gratuit (Wi-Fi)Petit déjeuner buffetService de taxiSécurité 24 heures sur 24ConsigneArrivée 24 heures sur 24Réception 24 heures sur 24Nettoyage à secWi-FiPetit-déjeuner dans la chambreConciergePresse quotidienneHôtel non-fumeurService de blanchisserieService de repassage, Rideaux occultantsClimatisationBureauBalcon privéCoffre-fortTélévision à écran platProduits de toilette gratuitsSèche-cheveuxTéléphone, Chambres non-fumeurs"
Hôtel Le 123 Sébastopol - Astotel,"123 Boulevard de Sébastopol 2nd Arr., 75002 Paris France",01 40 39 61 23,2905,"5,0","Internet haut débit gratuit (Wi-Fi)Centre de remise en forme/Salle de sportPetit-déjeuner disponibleService de taxiSalles de conférenceSalles de réunionSécurité 24 heures sur 24ConsigneWi-FiCafé soluble gratuitThé offertBuffet adapté aux enfantsSnack-barMenus spéciauxConciergePresse quotidienneHôtel non-fumeurSalon commun/espace TVRéception 24 heures sur 24Nettoyage à secService de blanchisserieService de repassage, Chambre hypoallergéniqueRideaux occultantsClimatisationService de ménageBalcon privéMinibarTélévision à écran platBaignoire/doucheChambres insonoriséesPeignoirsService en chambreCoffre-fortTéléphoneEau en bouteilleService de réveil/réveil-matinBouilloire électriqueProduits de toilette gratuitsSèche-cheveux, Chambres non-fumeursChambres familiales"
Hôtel 34B - Astotel,"34 Rue Bergère, 75009 Paris France",01 47 70 34 34,3337,"5,0","Internet haut débit gratuit (Wi-Fi)SaunaPetit-déjeuner disponibleService de taxiSécurité 24 heures sur 24ConsigneRéception 24 heures sur 24Nettoyage à secWi-FiCafé soluble gratuitThé offertSnack-barMenus spéciauxConciergeHôtel non-fumeurService de blanchisserieService de repassage, Rideaux occultantsChambres insonoriséesClimatisationService de ménageCoffre-fortMinibarTélévision à écran platBaignoire/doucheTéléphoneEau en bouteilleService de réveil/réveil-matinBouilloire électriqueProduits de toilette gratuitsSèche-cheveux, Chambres non-fumeursSuitesChambres familiales"
citizenM Paris Champs-Elysees,"128 rue la Boetie, 75008 Paris France",Non disponible,236,"4,5","Internet haut débit gratuit (Wi-Fi)Bar/loungeSéjour gratuit pour les enfantsCentre d'affaires avec accès InternetPhotocopieur/fax dans le centre d'affairesConsigneHôtel non-fumeurRéception 24 heures sur 24Wi-FiCaféRestaurantPetit-déjeuner disponiblePetit déjeuner buffetMenus spéciauxBar sur le toitMobilier d'extérieurSalle de bain communeSalon commun/espace TVArrivée/départ expressArrivée/départ privéService de blanchisserieService de repassage, Chambre hypoallergéniqueRideaux occultantsClimatisationBureauService de ménageTV par câble/satelliteLits extra longsBaignoire/doucheCoffre-fortTéléphoneEau en bouteilleFer à repasserCoffre pour ordinateur portableSalles de bain privativesTélévision à écran platRadioStation d'accueil pour iPodProduits de toilette gratuitsSèche-cheveux, Chambres non-fumeurs"
Hotel Piapia,"14 rue des Maraichers, 75020 Paris France",Non disponible,442,"4,5","Parking privé payant à proximitéInternet haut débit gratuit (Wi-Fi)Petit-déjeuner inclusSalle de jeuxService de taxiCentre d'affaires avec accès InternetSécurité 24 heures sur 24ConsigneParking sécuriséWi-FiBar/loungeCaféPetit-déjeuner disponiblePetit déjeuner buffetPetit-déjeuner dans la chambreConciergePresse quotidienneHôtel non-fumeurArrivée 24 heures sur 24Réception 24 heures sur 24Arrivée/départ express, Chambres insonoriséesClimatisationService de ménageService en chambreCoffre-fortÉquipements de chambre VIPMinibarTélévision à écran platFer à repasserService de réveil/réveil-matin, Chambres non-fumeurs"
Hotel Marceau Champs Elysees,"37 avenue Marceau, 75116 Paris France",01 75 85 84 57,598,"4,5","Internet haut débit gratuit (Wi-Fi)Petit déjeuner buffetSécurité 24 heures sur 24ConciergeArrivée 24 heures sur 24Réception 24 heures sur 24Nettoyage à secService de blanchisserieWi-FiHôtel non-fumeur, Rideaux occultantsChambres insonoriséesClimatisationBureauService de ménageMinibarTélévision à écran platBaignoire/doucheCoffre-fortSalles de bain privativesSèche-cheveux, Chambres non-fumeurs"
Hotel Passy Eiffel,"10 rue de Passy, 75016 Paris France",01 86 76 10 66,1172,"4,5","Parking public payant à proximitéInternet haut débit gratuit (Wi-Fi)Petit déjeuner buffetChaises hautes disponiblesService de taxiSécurité 24 heures sur 24ConsigneRéception 24 heures sur 24Wi-FiPetit-déjeuner dans la chambreConciergePresse quotidienneHôtel non-fumeurNettoyage à secService de blanchisserie, Rideaux occultantsChambres insonoriséesClimatisationBureauService de ménageMinibarTV par câble/satelliteBaignoire/doucheChambres communicantes disponiblesCoffre-fortTéléphonePenderie/armoirePenderieCoffre pour ordinateur portableSalles de bain privativesService de réveil/réveil-matinBouilloire électriqueTélévision à écran platProduits de toilette gratuitsSèche-cheveux, Vue sur la villeChambres non-fumeursSuites"
Grand Hotel du Palais Royal,"4 Rue de Valois, 75001 Paris France",Non disponible,1462,"5,0","Service de voiturierInternet haut débit gratuit (Wi-Fi)Centre de remise en forme/Salle de sportBar/loungeLocation de vélosChaînes de télévision pour enfantsChaises hautes disponiblesAnimaux domestiques autorisés (Chien/Animaux de compagnie)Parking privé payant à proximitéWi-FiVestiaires du spa/centre de remise en formeEntraîneur personnelCaféRestaurantPetit-déjeuner disponiblePetit déjeuner buffetPetit-déjeuner dans la chambreCafé soluble gratuitThé offertBoisson de bienvenue offerteHappy HourMenus pour les enfantsSalle à manger extérieureMenus spéciauxVin/champagnePoussettesService de taxiSalles de réunionSpaMassage en coupleSoins du visageMassage des piedsMassage corporel completHammamMassage des mainsMassage de la têteServices de maquillageManucureMassagePédicureSalonServices d'épilationSécurité 24 heures sur 24ConsigneConciergeChange des devisesBoutique de cadeauxPresse quotidienneHôtel non-fumeurMobilier d'extérieurPortierTrousse de premiers soinsArrivée 24 heures sur 24Réception 24 heures sur 24Arrivée/départ expressNettoyage à secService de blanchisserieService de repassageCirage, Chambre hypoallergéniqueRideaux occultantsClimatisationService de ménageCafetière/théièreTV par câble/satelliteCanapé-litDouche à l'italienneChambres insonoriséesPeignoirsChambres communicantes disponiblesBalcon privéService en chambreCoffre-fortTéléphonePenderie/armoireEau en bouteillePenderieFer à repasserCoffre pour ordinateur portableSalles de bain privativesService de réveil/réveil-matinMinibarBouilloire électriqueTélévision à écran platBaignoire/doucheProduits de toilette gratuitsSèche-cheveux, Vue sur la villeVue sur un monumentSuite nuptialeChambres non-fumeursSuitesChambres familialesChambres fumeurs disponibles"
Citadines Tour Eiffel Paris,"132, boulevard de Grenelle 15th Arr., 75015 Paris France",Non disponible,467,"4,0","Parking privé payant sur siteInternet haut débit gratuit (Wi-Fi)Petit-déjeuner disponibleBabysittingAnimaux domestiques autorisés (Chien/Animaux de compagnie)Service de taxiCentre d'affaires avec accès InternetConsigneGarageWi-FiPetit déjeuner buffetDistributeur automatiqueConciergeHôtel non-fumeurSalon commun/espace TVRéception 24 heures sur 24Nettoyage à secService de blanchisserieBlanchisserie en libre-serviceService de repassage, Rideaux occultantsChambres insonoriséesClimatisationService de ménageCoffre-fortCafetière/théièreTélévision à écran platBaignoire/doucheTéléphoneFer à repasserSalles de bain privativesService de réveil/réveil-matinKitchenetteLave-vaisselleMicro-ondesRéfrigérateurUstensiles de cuisineProduits de toilette gratuitsSèche-cheveux, Chambres non-fumeursSuites"
Hotel Europe Saint Severin,"38 rue Saint Severin, 75005 Paris France",Non disponible,2925,"4,5","Internet haut débit gratuit (Wi-Fi)RestaurantService de taxiSécurité 24 heures sur 24ConsigneArrivée 24 heures sur 24Réception 24 heures sur 24Nettoyage à secWi-FiPetit déjeuner buffetCafé soluble gratuitConciergePresse quotidienneHôtel non-fumeurArrivée/départ expressService de blanchisserie, Rideaux occultantsClimatisationBureauBalcon privéCoffre-fortMinibarTélévision à écran platBain à remousCoin salonRéfrigérateurBaignoire/doucheProduits de toilette gratuitsSèche-cheveux, Chambres non-fumeursSuites"
Pullman Paris Eiffel Tower Hotel,"18 Avenue de Suffren, 75015 Paris France",01 86 76 09 60,3914,"4,0","Parking dans la rueInternet haut débit gratuit (Wi-Fi)Centre de remise en forme/Salle de sportBar/loungeService de taxiCentre d'affaires avec accès InternetSalles de conférenceSécurité 24 heures sur 24Wi-FiRestaurantPetit-déjeuner disponiblePetit déjeuner buffetPetit-déjeuner dans la chambreCafé soluble gratuitSalle de réceptionSalles de réunionConsigneConciergeHôtel non-fumeurRéception 24 heures sur 24Arrivée/départ expressNettoyage à secService de blanchisserieService de repassage, PeignoirsClimatisationBureauService de ménageBalcon privéCafetière/théièreTélévision à écran platProduits de toilette gratuitsService en chambreCoffre-fortTéléphonePenderieFer à repasserCoffre pour ordinateur portableService de réveil/réveil-matinMinibarRéfrigérateurFilms à la demandeSèche-cheveux, Suite nuptialeChambres non-fumeursSuitesChambres familiales"
Hotel du Parc Montsouris,"4 rue du Parc de Montsouris, 75014 Paris France",01 86 47 25 72,292,"3,5","Internet haut débit gratuit (Wi-Fi)Wi-FiBar/loungeCaféPresse quotidienneHôtel non-fumeurRéception 24 heures sur 24Service de blanchisseriePetit-déjeuner disponiblePetit déjeuner buffetDistributeur automatique, TéléphoneService de réveil/réveil-matinTélévision à écran platProduits de toilette gratuitsSèche-cheveux, Chambres non-fumeursChambres familiales"
Campanile Paris 19 - La Villette,"147/151 Avenue de Flandre, 75019 Paris France",Non disponible,1947,"4,0","Parking privé payant sur siteInternet haut débit gratuit (Wi-Fi)Bar/loungeKaraokéChaînes de télévision pour enfantsAnimaux domestiques autorisés (Chien/Animaux de compagnie)Service de taxiSalles de conférenceGarageWi-FiRestaurantPetit-déjeuner disponiblePetit déjeuner buffetMenus pour les enfantsSnack-barVin/champagneSalle de réceptionSalles de réunionSécurité 24 heures sur 24ConsigneHôtel non-fumeurSalon commun/espace TVTrousse de premiers soinsArrivée 24 heures sur 24Réception 24 heures sur 24, Rideaux occultantsClimatisationService de ménageTéléphoneFer à repasserBouilloire électriqueTélévision à écran platDouche à l'italienneService de réveil/réveil-matinBaignoire/doucheSèche-cheveux, Vue sur la villeChambres non-fumeursChambres familiales"
Hotel Aida Opera,"11 rue Richer 17 Rue Du Conservatoire, 75009 Paris France",Non disponible,407,"4,0","Parking privé payant à proximitéInternet haut débit gratuit (Wi-Fi)Centre de remise en forme/Salle de sportPetit-déjeuner disponibleNavette aéroportSécurité 24 heures sur 24ConsigneArrivée 24 heures sur 24Wi-FiPetit déjeuner buffetPetit-déjeuner dans la chambreSnack-barVin/champagneDistributeur automatiqueConciergeHôtel non-fumeurRéception 24 heures sur 24Nettoyage à secService de blanchisserieService de repassage, Rideaux occultantsClimatisationBureauService de ménageChambres communicantes disponiblesTélévision à écran platDouche à l'italienneProduits de toilette gratuitsService en chambreCoffre-fortTéléphonePenderie/armoireFer à repasserSalles de bain privativesService de réveil/réveil-matinSèche-cheveux, Vue sur la villeChambres non-fumeursSuitesChambres familiales"
Chouette Hôtel,"237 Rue de la Convention, 75015 Paris France",Non disponible,1096,"4,5","ParkingInternet haut débit gratuit (Wi-Fi)Petit-déjeuner disponibleBabysittingChaînes de télévision pour enfantsAnimaux domestiques autorisés (Chien/Animaux de compagnie)Service de taxiSécurité 24 heures sur 24Wi-FiPetit déjeuner buffetConsigneConciergePresse quotidienneHôtel non-fumeurArrivée 24 heures sur 24Réception 24 heures sur 24, Rideaux occultantsClimatisationTélévision à écran plat, Chambres non-fumeursSuites"
Sonder l L'Edmond Parc Monceau,"22 avenue de Villiers, 75017 Paris France",01 86 76 09 80,562,"4,5","Parking public payant à proximitéInternet haut débit gratuit (Wi-Fi)Wi-FiBar/loungePetit-déjeuner disponibleSalles de réunionConciergeArrivée/départ express, BureauSalles de bain privativesKitchenetteLave-vaisselleCuisinièreTV par câble/satelliteTélévision à écran platSèche-cheveuxBouilloire électrique, Chambres non-fumeurs"
Hotel Darcet,"4 rue Darcet 17 Arr., 75017 Paris France",Non disponible,1118,"4,5","Parking public payant à proximitéInternet haut débit gratuit (Wi-Fi)CaféService de taxiConsigneConciergeArrivée 24 heures sur 24Réception 24 heures sur 24Wi-FiDistributeur automatiqueHôtel non-fumeurSalon commun/espace TVArrivée/départ expressArrivée/départ privé, Rideaux occultantsClimatisationBureauService de ménageCoffre-fortTélévision à écran platBaignoire/doucheSèche-cheveuxTéléphoneCoffre pour ordinateur portable, Chambres non-fumeursChambres familiales"
Hôtel Duette Paris,"64 Rue De Lévis, 75017 Paris France",01 42 27 33 10,573,"4,5","Parking public payant à proximitéInternet haut débit gratuit (Wi-Fi)Petit déjeuner buffetNavette aéroportSécurité 24 heures sur 24ConsigneArrivée 24 heures sur 24Réception 24 heures sur 24Wi-FiService de taxiConciergeHôtel non-fumeurArrivée/départ expressArrivée/départ privéService de blanchisserie, Rideaux occultantsChambres insonoriséesClimatisationBureauService de ménageCoffre-fortTélévision à écran platBaignoire/doucheTéléphonePenderieCoffre pour ordinateur portableService de réveil/réveil-matinProduits de toilette gratuitsSèche-cheveux, Chambres non-fumeursSuites"
The People - Paris Belleville,"59 Boulevard De Belleville, 75011 Paris France",Non disponible,636,"4,5","Internet haut débit gratuit (Wi-Fi)Bar/loungeSalle de jeuxPersonnel en charge du divertissementTerrasse sur le toitSécurité 24 heures sur 24Arrivée 24 heures sur 24Réception 24 heures sur 24Wi-FiSnack-barDivertissements le soirJeux de société/puzzlesConsigneHôtel non-fumeurSalle de bain communeSalon commun/espace TVBalcon ensoleillé, Coffre-fort, Chambres non-fumeurs"
Hôtel  Mayfair Paris,"3 Rue Rouget de Lisle, 75001 Paris France",Non disponible,835,"4,5","ParkingInternet haut débit gratuit (Wi-Fi)Bar/loungeAnimaux domestiques autorisés (Chien/Animaux de compagnie)Navette aéroportCentre d'affaires avec accès InternetSalles de réunionSpaWi-FiPetit-déjeuner disponiblePetit déjeuner buffetCafé soluble gratuitService de taxiConsigneConciergePresse quotidienneHôtel non-fumeurRéception 24 heures sur 24Nettoyage à secService de blanchisserieService de repassage, ClimatisationService de ménageService en chambreCoffre-fortService de réveil/réveil-matinMinibarTélévision à écran plat, Chambres non-fumeursSuitesChambres familiales"
Le 55 Montparnasse Hotel,"55 rue de Plaisance, 75014 Paris France",Non disponible,726,"4,0","Parking public payant à proximitéInternet haut débit gratuit (Wi-Fi)CaféConsigneHôtel non-fumeurArrivée 24 heures sur 24Réception 24 heures sur 24Nettoyage à secParking sécuriséWi-FiPetit déjeuner buffetDistributeur automatique, ClimatisationBureauService de ménageTéléphoneTélévision à écran platLits extra longsBaignoire/doucheProduits de toilette gratuitsPenderie/armoireFer à repasserSalles de bain privativesService de réveil/réveil-matinSèche-cheveux, Chambres non-fumeursChambres familiales"
St Christopher's Inn Canal Paris,"159 Rue Crimee 68-74 Quai de la Seine, 75019 Paris France",Non disponible,1417,"4,0","Internet haut débit gratuit (Wi-Fi)Bar/loungePersonnel en charge du divertissementDivertissements le soirSécurité 24 heures sur 24ConsigneArrivée 24 heures sur 24Réception 24 heures sur 24Wi-FiCaféRestaurantPetit-déjeuner disponiblePetit déjeuner buffetHappy HourSnack-barMenus spéciauxDistributeur automatiqueJeux de société/puzzlesDiscothèque/DJHôtel non-fumeurSalle de bain communeSalon commun/espace TVArrivée/départ expressService de blanchisserieBlanchisserie en libre-service, BureauCoffre-fortSalles de bain privativesBouilloire électrique, Vue sur la villeChambres non-fumeurs"
St Christopher's Gare du Nord Paris,"5, rue de Dunkerque, 75010 Paris France",Non disponible,1823,"4,0","Parking public payant à proximitéInternet haut débit gratuit (Wi-Fi)Bar/loungeBillardDivertissements le soirSécurité 24 heures sur 24ConsigneArrivée 24 heures sur 24Wi-FiCaféRestaurantPetit-déjeuner disponiblePetit déjeuner buffetSnack-barDistributeur automatiqueDiscothèque/DJHôtel non-fumeurSalle de bain communeSalon commun/espace TVRéception 24 heures sur 24Arrivée/départ expressService de blanchisserieBlanchisserie en libre-service, Coffre-fort, Chambres non-fumeurs"
Amiral Hotel,"98 Avenue d Italie 13th Arr., 75013 Paris France",Non disponible,333,"3,5","ParkingInternet haut débit gratuit (Wi-Fi)PiscineBar/loungeBabysittingAnimaux domestiques autorisés (Chien/Animaux de compagnie)Centre d'affaires avec accès InternetSalles de conférenceWi-FiPiscine intérieurePiscine chaufféePetit déjeuner buffetDistributeur automatiqueSalle de réceptionSalles de réunionConsigneRéception 24 heures sur 24Arrivée/départ expressNettoyage à secService de blanchisserie, PeignoirsBureauService de ménageCoffre-fortTélévision à écran platBaignoire/doucheSèche-cheveux, Chambres non-fumeursSuites"
